{"directories":[],"views":[{"exclusiveModuleId":1,"gates":[{"id":21,"x":0,"y":-1},{"id":19,"x":4,"y":3},{"id":16,"x":0,"y":5},{"id":17,"x":4,"y":2},{"id":2,"x":0,"y":1},{"id":14,"x":0,"y":4},{"id":15,"x":0,"y":3},{"id":12,"x":0,"y":0},{"id":13,"x":0,"y":2},{"id":10,"x":0,"y":-2}],"id":1,"modules":[{"id":4,"x":3,"y":2},{"id":2,"x":2,"y":2},{"id":3,"x":1,"y":2}],"name":"top_module (ID: 1)","nets":[{"id":8},{"id":9},{"id":20},{"id":19},{"id":30},{"id":31},{"id":28},{"id":29},{"id":26},{"id":27},{"id":25},{"id":6},{"id":7},{"id":4},{"id":5},{"id":3},{"id":36},{"id":37},{"id":34},{"id":35},{"id":32},{"id":33},{"id":10}],"parentId":0,"timestamp":"Mon Mar 6 14:55:57 2023","visible":2}]}