{"directories":[],"views":[{"exclusiveModuleId":1,"gates":[],"id":1,"modules":[{"id":1,"x":0,"y":0}],"name":"top_module (ID: 1)","nets":[{"id":6},{"id":9},{"id":8},{"id":11},{"id":10},{"id":13},{"id":12},{"id":15},{"id":14},{"id":49},{"id":48},{"id":51},{"id":50},{"id":53},{"id":52},{"id":33},{"id":32},{"id":35},{"id":34},{"id":37},{"id":36},{"id":39},{"id":38},{"id":41},{"id":40},{"id":43},{"id":42},{"id":45},{"id":44},{"id":47},{"id":46},{"id":17},{"id":16},{"id":19},{"id":18},{"id":21},{"id":20},{"id":23},{"id":22},{"id":25},{"id":24},{"id":27},{"id":26},{"id":29},{"id":28},{"id":31},{"id":30},{"id":3},{"id":5},{"id":4},{"id":7}],"parentId":0,"timestamp":"Mon Mar 6 14:57:07 2023","visible":2}]}